id,case_number,date,block,iucr,primary_type,description,location_description,arrest,domestic,beat,district,ward,community_area,fbi_code,x_coordinate,y_coordinate,year,updated_on,Lat,Lon,location,geometry,index_right,pri_neigh,sec_neigh,shape_area,shape_len,block_description
12698258,JF240102,2022-05-12 23:39:00,100XX S LAFAYETTE AVE,326,ROBBERY,AGGRAVATED VEHICULAR HIJACKING,STREET,False,False,511,5,9,49,3,1177695.0,1838483.0,2022,2022-05-19T16:48:21.000,41.71211755,-87.624835055,"
,  
(41.71211755, -87.624835055)",POINT (-87.624835055 41.71211755),62.0,Roseland,"WASHINGTON HEIGHTS,ROSELAND",134313706.73,56632.795429,10000 block of S Lafayette Ave
12696372,JF239012,2022-05-12 06:45:00,032XX W CORTLAND ST,326,ROBBERY,AGGRAVATED VEHICULAR HIJACKING,STREET,False,False,1421,14,1,22,3,1154446.0,1912444.0,2022,2022-05-19T16:48:21.000,41.915569878,-87.708008973,"
,  
(41.915569878, -87.708008973)",POINT (-87.708008973 41.915569878),13.0,Logan Square,LOGAN SQUARE,71256806.5518,36361.508518,3200 block of W Cortland St
12696947,JF239552,2022-05-12 14:58:00,114XX S ST LOUIS AVE,325,ROBBERY,VEHICULAR HIJACKING,STREET,False,False,2211,22,19,74,3,1155077.0,1828615.0,2022,2022-05-19T16:48:21.000,41.685518754,-87.707931532,"
,  
(41.685518754, -87.707931532)",POINT (-87.707931532 41.685518754),22.0,Mount Greenwood,"MOUNT GREENWOOD,MORGAN PARK",75584290.0209,48665.130539,11400 block of S St Louis Ave
12696309,JF238975,2022-05-12 03:08:00,047XX W POLK ST,325,ROBBERY,VEHICULAR HIJACKING,STREET,False,False,1131,11,24,25,3,1145014.0,1895946.0,2022,2022-05-19T16:48:21.000,41.870480977,-87.743078629,"
,  
(41.870480977, -87.743078629)",POINT (-87.743078629 41.870480977),94.0,Austin,AUSTIN,170037750.826,55473.345911,4700 block of W Polk St
12697142,JF240023,2022-05-12 18:40:00,0000X N LONG AVE,326,ROBBERY,AGGRAVATED VEHICULAR HIJACKING,STREET,False,False,1522,15,29,25,3,1140343.0,1899678.0,2022,2022-05-19T16:48:21.000,41.880808929,-87.760136144,"
,  
(41.880808929, -87.760136144)",POINT (-87.760136144 41.880808929),94.0,Austin,AUSTIN,170037750.826,55473.345911,0-100 block of N Long Ave
12698841,JF241284,2022-05-13 00:00:00,072XX S SOUTH SHORE DR,326,ROBBERY,AGGRAVATED VEHICULAR HIJACKING,ALLEY,False,False,334,3,7,43,3,1194903.0,1857770.0,2022,2022-05-20T16:49:37.000,41.764636875,-87.561181768,"
,  
(41.764636875, -87.561181768)",POINT (-87.561181768 41.764636875),59.0,South Shore,"SOUTH SHORE, GRAND CROSSING",81812716.3904,44249.645178,7200 block of S South Shore Dr
12697537,JF240321,2022-05-13 07:40:00,032XX W POTOMAC AVE,326,ROBBERY,AGGRAVATED VEHICULAR HIJACKING,STREET,False,False,1422,14,26,23,3,1154435.0,1908465.0,2022,2022-05-20T16:49:37.000,41.904651373,-87.708155937,"
,  
(41.904651373, -87.708155937)",POINT (-87.708155937 41.904651373),4.0,Humboldt Park,HUMBOLDT PARK,125010425.593,46126.751351,3200 block of W Potomac Ave
12698109,JF241148,2022-05-13 18:15:00,033XX W ROOSEVELT RD,326,ROBBERY,AGGRAVATED VEHICULAR HIJACKING,PARKING LOT / GARAGE (NON RESIDENTIAL),False,False,1134,11,24,29,3,1154468.0,1894517.0,2022,2022-05-20T16:49:37.000,41.866376012,-87.708407828,"
,  
(41.866376012, -87.708407828)",POINT (-87.708407828 41.866376012),6.0,North Lawndale,NORTH LAWNDALE,89487422.0244,44959.459663,3300 block of W Roosevelt Rd
12698300,JF241448,2022-05-13 23:20:00,001XX E 75TH ST,325,ROBBERY,VEHICULAR HIJACKING,STREET,False,False,623,6,6,69,3,1178638.0,1855322.0,2022,2022-05-20T16:49:37.000,41.75830449,-87.620871042,"
,  
(41.75830449, -87.620871042)",POINT (-87.620871042 41.75830449),20.0,Grand Crossing,"SOUTH SHORE, GRAND CROSSING",98853167.7093,54645.3303,100 block of E 75th St
12698128,JF241264,2022-05-13 19:45:00,056XX S PRAIRIE AVE,325,ROBBERY,VEHICULAR HIJACKING,STREET,False,False,231,2,20,40,3,1179000.0,1867783.0,2022,2022-05-20T16:49:37.000,41.792490517,-87.619165105,"
,  
(41.792490517, -87.619165105)",POINT (-87.619165105 41.792490517),65.0,Washington Park,WASHINGTON PARK,42373881.4842,28175.316087,5600 block of S Prairie Ave
12698303,JF241461,2022-05-13 23:45:00,075XX S PERRY AVE,326,ROBBERY,AGGRAVATED VEHICULAR HIJACKING,STREET,False,False,623,6,6,69,3,1176698.0,1855041.0,2022,2022-05-20T16:49:37.000,41.757577263,-87.627989366,"
,  
(41.757577263, -87.627989366)",POINT (-87.627989366 41.757577263),20.0,Grand Crossing,"SOUTH SHORE, GRAND CROSSING",98853167.7093,54645.3303,7500 block of S Perry Ave
12698322,JF241548,2022-05-14 01:50:00,048XX S CALUMET AVE,326,ROBBERY,AGGRAVATED VEHICULAR HIJACKING,"VEHICLE - OTHER RIDE SHARE SERVICE (LYFT, UBER, ETC.)",False,False,224,2,3,38,3,1179248.0,1873082.0,2022,2022-05-21T16:49:18.000,41.807025794,-87.618094052,"
,  
(41.807025794, -87.618094052)",POINT (-87.618094052 41.807025794),0.0,Grand Boulevard,BRONZEVILLE,48492503.1554,28196.837157,4800 block of S Calumet Ave
12699116,JF242498,2022-05-14 20:00:00,036XX W GRENSHAW ST,326,ROBBERY,AGGRAVATED VEHICULAR HIJACKING,ALLEY,False,False,1133,11,24,29,3,1152343.0,1894798.0,2022,2022-05-21T16:49:18.000,41.867189292,-87.716201538,"
,  
(41.867189292, -87.716201538)",POINT (-87.716201538 41.867189292),6.0,North Lawndale,NORTH LAWNDALE,89487422.0244,44959.459663,3600 block of W Grenshaw St
12698704,JF241761,2022-05-14 08:44:00,021XX S TAN CT,326,ROBBERY,AGGRAVATED VEHICULAR HIJACKING,STREET,False,False,914,9,25,34,3,1174547.0,1890516.0,2022,2022-05-21T16:49:18.000,41.854972235,-87.634815814,"
,  
(41.854972235, -87.634815814)",POINT (-87.634815814 41.854972235),68.0,Chinatown,"ARMOUR SQUARE,CHINATOWN",10624727.4605,14452.766257,2100 block of S Tan Ct
12699165,JF242598,2022-05-14 22:00:00,064XX S GREEN ST,326,ROBBERY,AGGRAVATED VEHICULAR HIJACKING,STREET,False,False,723,7,16,68,3,1171742.0,1862191.0,2022,2022-05-21T16:49:18.000,41.777307805,-87.645942981,"
,  
(41.777307805, -87.645942981)",POINT (-87.645942981 41.777307805),19.0,Englewood,ENGLEWOOD,173600015.009,56144.046048,6400 block of S Green St
12698588,JF241807,2022-05-14 09:37:00,023XX E 79TH ST,326,ROBBERY,AGGRAVATED VEHICULAR HIJACKING,GAS STATION,False,False,414,4,7,43,3,1193045.0,1853042.0,2022,2022-05-31T16:45:34.000,41.751708436,-87.568145845,"
,  
(41.751708436, -87.568145845)",POINT (-87.568145845 41.751708436),61.0,South Chicago,SOUTH CHICAGO,93272185.0092,52435.979431,2300 block of E 79th St
12725229,JF273958,2022-06-09 22:24:00,017XX E 95TH ST,326,ROBBERY,AGGRAVATED VEHICULAR HIJACKING,PARKING LOT / GARAGE (NON RESIDENTIAL),False,False,431,4,7,51,3,1189409.0,1842324.0,2022,2022-06-16T16:48:35.000,41.722385161,-87.581812836,"
,  
(41.722385161, -87.581812836)",POINT (-87.581812836 41.722385161),64.0,South Deering,SOUTHEAST SIDE,303797059.66,80389.8718,1700 block of E 95th St
12699389,JF242783,2022-05-15 03:06:00,032XX S ABERDEEN ST,326,ROBBERY,AGGRAVATED VEHICULAR HIJACKING,STREET,False,False,913,9,11,60,3,1169513.0,1883178.0,2022,2022-05-22T16:51:23.000,41.834946999,-87.653505898,"
,  
(41.834946999, -87.653505898)",POINT (-87.653505898 41.834946999),83.0,Bridgeport,BRIDGEPORT,58291519.276,32732.718327,3200 block of S Aberdeen St
12700361,JF243741,2022-05-15 22:13:00,023XX N LINCOLN AVE,326,ROBBERY,AGGRAVATED VEHICULAR HIJACKING,STREET,False,False,1812,18,43,7,3,1170806.0,1915918.0,2022,2022-05-22T16:51:23.000,41.924759653,-87.647801946,"
,  
(41.924759653, -87.647801946)",POINT (-87.647801946 41.924759653),35.0,Lincoln Park,LINCOLN PARK,67401451.3717,61856.516472,2300 block of N Lincoln Ave
12699384,JF242842,2022-05-15 05:00:00,023XX W MADISON ST,326,ROBBERY,AGGRAVATED VEHICULAR HIJACKING,BANK,False,False,1223,12,27,28,3,1160863.0,1899962.0,2022,2022-05-22T16:51:23.000,41.881187452,-87.684780097,"
,  
(41.881187452, -87.684780097)",POINT (-87.684780097 41.881187452),2.0,United Center,UNITED CENTER,32520512.7053,23101.363745,2300 block of W Madison St
12700798,JF244689,2022-05-15 22:00:00,019XX S HOMAN AVE,325,ROBBERY,VEHICULAR HIJACKING,STREET,False,False,1024,10,24,29,3,1154006.0,1890317.0,2022,2022-05-22T16:51:23.000,41.854859956,-87.710215788,"
,  
(41.854859956, -87.710215788)",POINT (-87.710215788 41.854859956),6.0,North Lawndale,NORTH LAWNDALE,89487422.0244,44959.459663,1900 block of S Homan Ave
12701259,JF244770,2022-05-16 18:00:00,132XX S RIVERDALE AVE,326,ROBBERY,AGGRAVATED VEHICULAR HIJACKING,STREET,False,False,533,5,9,54,3,1182079.0,1817201.0,2022,2022-05-23T16:50:05.000,41.653616637,-87.609434626,"
,  
(41.653616637, -87.609434626)",POINT (-87.609434626 41.653616637),28.0,Riverdale,RIVERDALE,98389497.4143,46455.440857,13200 block of S Riverdale Ave
12703866,JF244866,2022-05-16 19:31:00,046XX S FEDERAL ST,326,ROBBERY,AGGRAVATED VEHICULAR HIJACKING,STREET,False,False,215,2,3,38,3,1176467.0,1874418.0,2022,2022-05-23T16:50:05.000,41.810754956,-87.628253619,"
,  
(41.810754956, -87.628253619)",POINT (-87.628253619 41.810754956),0.0,Grand Boulevard,BRONZEVILLE,48492503.1554,28196.837157,4600 block of S Federal St
12701066,JF245123,2022-05-17 01:48:00,076XX S SOUTH CHICAGO AVE,326,ROBBERY,AGGRAVATED VEHICULAR HIJACKING,GAS STATION,False,False,411,4,5,45,3,1186357.0,1854748.0,2022,2022-05-24T16:49:50.000,41.756550472,-87.592600053,"
,  
(41.756550472, -87.592600053)",POINT (-87.592600053 41.756550472),59.0,South Shore,"SOUTH SHORE, GRAND CROSSING",81812716.3904,44249.645178,7600 block of S South Chicago Ave
12703065,JF245109,2022-05-17 01:00:00,022XX W DIVISION ST,326,ROBBERY,AGGRAVATED VEHICULAR HIJACKING,HOSPITAL BUILDING / GROUNDS,False,False,1212,12,2,24,3,1161104.0,1907941.0,2022,2022-05-24T16:49:50.000,41.903077492,-87.683673325,"
,  
(41.903077492, -87.683673325)",POINT (-87.683673325 41.903077492),89.0,Ukrainian Village,UKRAINIAN VILLAGE AND EAST VILLAGE,10622385.5776,13311.469796,2200 block of W Division St
12703178,JF247506,2022-05-18 23:30:00,018XX S WENTWORTH AVE,326,ROBBERY,AGGRAVATED VEHICULAR HIJACKING,STREET,False,False,914,9,25,34,3,1175336.0,1891516.0,2022,2022-05-25T16:50:33.000,41.857698656,-87.631889879,"
,  
(41.857698656, -87.631889879)",POINT (-87.631889879 41.857698656),68.0,Chinatown,"ARMOUR SQUARE,CHINATOWN",10624727.4605,14452.766257,1800 block of S Wentworth Ave
12704300,JF248700,2022-05-19 20:50:00,086XX S WOOD ST,326,ROBBERY,AGGRAVATED VEHICULAR HIJACKING,STREET,False,False,614,6,21,71,3,1165854.0,1847381.0,2022,2022-05-26T16:48:46.000,41.736794227,-87.667948294,"
,  
(41.736794227, -87.667948294)",POINT (-87.667948294 41.736794227),70.0,Auburn Gresham,AUBURN GRESHAM,105065353.602,46757.721716,8600 block of S Wood St
12704008,JF248264,2022-05-19 15:40:00,003XX W 52ND PL,326,ROBBERY,AGGRAVATED VEHICULAR HIJACKING,STREET,False,False,935,9,3,37,3,1175091.0,1870151.0,2022,2022-05-26T16:48:46.000,41.799076764,-87.633428071,"
,  
(41.799076764, -87.633428071)",POINT (-87.633428071 41.799076764),41.0,Fuller Park,BACK OF THE YARDS,19916704.8692,25339.08975,300 block of W 52Nd Pl
12703404,JF247664,2022-05-19 07:30:00,063XX S WOODLAWN AVE,326,ROBBERY,AGGRAVATED VEHICULAR HIJACKING,STREET,False,False,314,3,20,42,3,1185307.0,1863162.0,2022,2022-05-26T16:48:46.000,41.779664007,-87.596183778,"
,  
(41.779664007, -87.596183778)",POINT (-87.596183778 41.779664007),43.0,Woodlawn,WOODLAWN,40515739.083,28960.059037,6300 block of S Woodlawn Ave
12705236,JF249812,2022-05-20 16:30:00,111XX S VINCENNES AVE,326,ROBBERY,AGGRAVATED VEHICULAR HIJACKING,STREET,False,False,2212,22,19,75,3,1167204.0,1831042.0,2022,2022-05-27T16:48:48.000,41.691928694,-87.663468026,"
,  
(41.691928694, -87.663468026)",POINT (-87.663468026 41.691928694),23.0,Morgan Park,"MOUNT GREENWOOD,MORGAN PARK",91877340.6988,46396.419362,11100 block of S Vincennes Ave
12705267,JF249828,2022-05-20 18:40:00,055XX S ABERDEEN ST,325,ROBBERY,VEHICULAR HIJACKING,STREET,False,False,712,7,16,68,3,1169928.0,1868012.0,2022,2022-05-27T16:48:48.000,41.793320908,-87.652424088,"
,  
(41.793320908, -87.652424088)",POINT (-87.652424088 41.793320908),19.0,Englewood,ENGLEWOOD,173600015.009,56144.046048,5500 block of S Aberdeen St
12705409,JF250054,2022-05-20 00:00:00,083XX S PAULINA ST,326,ROBBERY,AGGRAVATED VEHICULAR HIJACKING,STREET,False,False,614,6,21,71,3,1166462.0,1849401.0,2022,2022-05-27T16:48:48.000,41.742324482,-87.665663351,"
,  
(41.742324482, -87.665663351)",POINT (-87.665663351 41.742324482),70.0,Auburn Gresham,AUBURN GRESHAM,105065353.602,46757.721716,8300 block of S Paulina St
12706335,JF251085,2022-05-21 23:50:00,065XX S HALSTED ST,326,ROBBERY,AGGRAVATED VEHICULAR HIJACKING,GAS STATION,False,False,723,7,20,68,3,1172101.0,1861238.0,2022,2022-05-28T16:49:09.000,41.774684779,-87.644654871,"
,  
(41.774684779, -87.644654871)",POINT (-87.644654871 41.774684779),19.0,Englewood,ENGLEWOOD,173600015.009,56144.046048,6500 block of S Halsted St
12705774,JF250398,2022-05-21 10:58:00,003XX E GARFIELD BLVD,326,ROBBERY,AGGRAVATED VEHICULAR HIJACKING,GAS STATION,False,False,231,2,3,40,3,1179640.0,1868628.0,2022,2022-05-28T16:49:09.000,41.794794662,-87.61679251,"
,  
(41.794794662, -87.61679251)",POINT (-87.61679251 41.794794662),65.0,Washington Park,WASHINGTON PARK,42373881.4842,28175.316087,300 block of E Garfield Blvd
12706124,JF250997,2022-05-21 21:15:00,068XX S ABERDEEN ST,326,ROBBERY,AGGRAVATED VEHICULAR HIJACKING,STREET,False,False,724,7,16,68,3,1170162.0,1859455.0,2022,2022-05-28T16:49:09.000,41.769834397,-87.651814725,"
,  
(41.769834397, -87.651814725)",POINT (-87.651814725 41.769834397),19.0,Englewood,ENGLEWOOD,173600015.009,56144.046048,6800 block of S Aberdeen St
12706008,JF250907,2022-05-21 19:15:00,031XX W 13TH ST,326,ROBBERY,AGGRAVATED VEHICULAR HIJACKING,STREET,False,False,1022,10,24,29,3,1155430.0,1893871.0,2022,2022-05-28T16:49:09.000,41.864584048,-87.704893579,"
,  
(41.864584048, -87.704893579)",POINT (-87.704893579 41.864584048),6.0,North Lawndale,NORTH LAWNDALE,89487422.0244,44959.459663,3100 block of W 13th St
12705443,JF250112,2022-05-21 02:59:00,043XX S EVANS AVE,326,ROBBERY,AGGRAVATED VEHICULAR HIJACKING,ALLEY,False,True,221,2,4,38,3,1181990.0,1876347.0,2022,2022-05-28T16:49:09.000,41.815922152,-87.607936276,"
,  
(41.815922152, -87.607936276)",POINT (-87.607936276 41.815922152),0.0,Grand Boulevard,BRONZEVILLE,48492503.1554,28196.837157,4300 block of S Evans Ave
12705491,JF250096,2022-05-21 02:40:00,052XX W JACKSON BLVD,326,ROBBERY,AGGRAVATED VEHICULAR HIJACKING,STREET,False,False,1522,15,29,25,3,1141476.0,1898169.0,2022,2022-05-28T16:49:09.000,41.876647201,-87.756013071,"
,  
(41.876647201, -87.756013071)",POINT (-87.756013071 41.876647201),94.0,Austin,AUSTIN,170037750.826,55473.345911,5200 block of W Jackson Blvd
12705885,JF250546,2022-05-21 13:15:00,022XX N LINCOLN AVE,326,ROBBERY,AGGRAVATED VEHICULAR HIJACKING,STREET,False,False,1812,18,43,7,3,1171604.0,1915166.0,2022,2022-05-28T16:49:09.000,41.922678586,-87.644891949,"
,  
(41.922678586, -87.644891949)",POINT (-87.644891949 41.922678586),35.0,Lincoln Park,LINCOLN PARK,67401451.3717,61856.516472,2200 block of N Lincoln Ave
12706995,JF251194,2022-05-22 03:20:00,008XX S KOLMAR AVE,326,ROBBERY,AGGRAVATED VEHICULAR HIJACKING,STREET,False,False,1131,11,24,26,3,1146145.0,1895789.0,2022,2022-05-29T16:52:17.000,41.870028733,-87.7389303,"
,  
(41.870028733, -87.7389303)",POINT (-87.7389303 41.870028733),5.0,Garfield Park,GARFIELD PARK,89976069.5947,44460.91922,800 block of S Kolmar Ave
12706246,JF251138,2022-05-22 01:30:00,023XX N CALIFORNIA AVE,326,ROBBERY,AGGRAVATED VEHICULAR HIJACKING,STREET,False,False,1431,14,1,22,3,1157310.0,1915642.0,2022,2022-05-29T16:52:17.000,41.924287654,-87.697399723,"
,  
(41.924287654, -87.697399723)",POINT (-87.697399723 41.924287654),13.0,Logan Square,LOGAN SQUARE,71256806.5518,36361.508518,2300 block of N California Ave
12706189,JF251093,2022-05-22 00:15:00,071XX S VINCENNES AVE,326,ROBBERY,AGGRAVATED VEHICULAR HIJACKING,GAS STATION,False,False,731,7,6,69,3,1176589.0,1857611.0,2022,2022-05-29T16:52:17.000,41.764632089,-87.628311641,"
,  
(41.764632089, -87.628311641)",POINT (-87.628311641 41.764632089),20.0,Grand Crossing,"SOUTH SHORE, GRAND CROSSING",98853167.7093,54645.3303,7100 block of S Vincennes Ave
12706190,JF251103,2022-05-22 00:23:00,069XX S ASHLAND AVE,326,ROBBERY,AGGRAVATED VEHICULAR HIJACKING,SIDEWALK,False,False,734,7,16,67,3,1166877.0,1858762.0,2022,2022-05-29T16:52:17.000,41.768003513,-87.663875893,"
,  
(41.768003513, -87.663875893)",POINT (-87.663875893 41.768003513),19.0,Englewood,ENGLEWOOD,173600015.009,56144.046048,6900 block of S Ashland Ave
12707734,JF252770,2022-05-23 14:50:00,052XX S PRAIRIE AVE,326,ROBBERY,AGGRAVATED VEHICULAR HIJACKING,STREET,False,False,231,2,3,40,3,1178929.0,1870366.0,2022,2022-05-30T16:48:53.000,41.799580127,-87.619346782,"
,  
(41.799580127, -87.619346782)",POINT (-87.619346782 41.799580127),65.0,Washington Park,WASHINGTON PARK,42373881.4842,28175.316087,5200 block of S Prairie Ave
12708009,JF253299,2022-05-23 22:15:00,005XX E 33RD PL,326,ROBBERY,AGGRAVATED VEHICULAR HIJACKING,STREET,True,False,211,2,4,35,3,1180627.0,1882806.0,2022,2022-05-30T16:48:53.000,41.833677597,-87.612737257,"
,  
(41.833677597, -87.612737257)",POINT (-87.612737257 41.833677597),31.0,Douglas,BRONZEVILLE,46004621.137,31027.053671,500 block of E 33rd Pl
12707152,JF252172,2022-05-23 05:14:00,019XX N SAWYER AVE,326,ROBBERY,AGGRAVATED VEHICULAR HIJACKING,STREET,False,False,1422,14,35,22,3,1154277.0,1912614.0,2022,2022-05-30T16:48:53.000,41.916039752,-87.708625319,"
,  
(41.916039752, -87.708625319)",POINT (-87.708625319 41.916039752),13.0,Logan Square,LOGAN SQUARE,71256806.5518,36361.508518,1900 block of N Sawyer Ave
12709065,JF254435,2022-05-24 20:45:00,033XX S GILES AVE,325,ROBBERY,VEHICULAR HIJACKING,RESIDENCE,False,False,211,2,4,35,3,1178810.0,1882987.0,2022,2022-05-31T16:48:17.000,41.834215907,-87.619398631,"
,  
(41.834215907, -87.619398631)",POINT (-87.619398631 41.834215907),31.0,Douglas,BRONZEVILLE,46004621.137,31027.053671,3300 block of S Giles Ave
12709202,JF253428,2022-05-24 05:30:00,011XX N WASHTENAW AVE,326,ROBBERY,AGGRAVATED VEHICULAR HIJACKING,STREET,False,False,1211,12,1,24,3,1158195.0,1907302.0,2022,2022-05-31T16:48:17.000,41.901383978,-87.694376155,"
,  
(41.901383978, -87.694376155)",POINT (-87.694376155 41.901383978),4.0,Humboldt Park,HUMBOLDT PARK,125010425.593,46126.751351,1100 block of N Washtenaw Ave
12709075,JF254490,2022-05-24 21:48:00,020XX W ESTES AVE,326,ROBBERY,AGGRAVATED VEHICULAR HIJACKING,STREET,False,False,2424,24,49,1,3,1161573.0,1947384.0,2022,2022-05-31T16:48:17.000,42.01130133,-87.680847454,"
,  
(42.01130133, -87.680847454)",POINT (-87.680847454 42.01130133),48.0,Rogers Park,ROGERS PARK,51259902.4506,34052.397576,2000 block of W Estes Ave
12708174,JF253417,2022-05-24 04:00:00,070XX S STONY ISLAND AVE,326,ROBBERY,AGGRAVATED VEHICULAR HIJACKING,STREET,False,False,332,3,5,43,3,1188024.0,1858733.0,2022,2022-05-31T16:48:17.000,41.767446117,-87.586364088,"
,  
(41.767446117, -87.586364088)",POINT (-87.586364088 41.767446117),59.0,South Shore,"SOUTH SHORE, GRAND CROSSING",81812716.3904,44249.645178,7000 block of S Stony Island Ave
12709231,JF254527,2022-05-24 22:15:00,025XX N TALMAN AVE,326,ROBBERY,AGGRAVATED VEHICULAR HIJACKING,STREET,False,False,1431,14,32,22,3,1158269.0,1916828.0,2022,2022-05-31T16:48:17.000,41.927522553,-87.693843452,"
,  
(41.927522553, -87.693843452)",POINT (-87.693843452 41.927522553),13.0,Logan Square,LOGAN SQUARE,71256806.5518,36361.508518,2500 block of N Talman Ave
12708147,JF253385,2022-05-24 02:45:00,086XX S MARSHFIELD AVE,326,ROBBERY,AGGRAVATED VEHICULAR HIJACKING,STREET,False,False,614,6,21,71,3,1166844.0,1847515.0,2022,2022-05-31T16:48:17.000,41.737140882,-87.664317421,"
,  
(41.737140882, -87.664317421)",POINT (-87.664317421 41.737140882),70.0,Auburn Gresham,AUBURN GRESHAM,105065353.602,46757.721716,8600 block of S Marshfield Ave
12710877,JF255644,2022-05-25 20:04:00,055XX S ASHLAND AVE,325,ROBBERY,VEHICULAR HIJACKING,GAS STATION,False,False,713,7,16,67,3,1166617.0,1867978.0,2022,2022-06-01T16:54:14.000,41.79329893,-87.66456619,"
,  
(41.79329893, -87.66456619)",POINT (-87.66456619 41.79329893),19.0,Englewood,ENGLEWOOD,173600015.009,56144.046048,5500 block of S Ashland Ave
12709816,JF255193,2022-05-25 13:10:00,030XX W SUNNYSIDE AVE,326,ROBBERY,AGGRAVATED VEHICULAR HIJACKING,STREET,True,False,1724,17,33,14,3,1155448.0,1929751.0,2022,2022-06-01T16:54:14.000,41.963041419,-87.703860797,"
,  
(41.963041419, -87.703860797)",POINT (-87.703860797 41.963041419),52.0,Albany Park,"NORTH PARK,ALBANY PARK",53542230.819,39339.016439,3000 block of W Sunnyside Ave
12710233,JF255835,2022-05-25 23:57:00,052XX S COTTAGE GROVE AVE,326,ROBBERY,AGGRAVATED VEHICULAR HIJACKING,SIDEWALK,False,False,233,2,5,41,3,1182475.0,1870460.0,2022,2022-06-01T16:54:14.000,41.79975651,-87.606339888,"
,  
(41.79975651, -87.606339888)",POINT (-87.606339888 41.79975651),74.0,Hyde Park,HYDE PARK,38859161.8437,28013.027919,5200 block of S Cottage Grove Ave
12710173,JF255361,2022-05-25 16:23:00,011XX W JACKSON BLVD,326,ROBBERY,AGGRAVATED VEHICULAR HIJACKING,DEPARTMENT STORE,False,False,1232,12,25,28,3,1168933.0,1898798.0,2022,2022-06-01T16:54:14.000,41.877822179,-87.655181405,"
,  
(41.877822179, -87.655181405)",POINT (-87.655181405 41.877822179),40.0,West Loop,WEST LOOP,52945063.8967,43907.671821,1100 block of W Jackson Blvd
12710257,JF255863,2022-05-26 01:25:00,009XX S KILDARE AVE,326,ROBBERY,AGGRAVATED VEHICULAR HIJACKING,STREET,False,False,1132,11,24,26,3,1147870.0,1895655.0,2022,2022-06-02T16:48:46.000,41.869628069,-87.732600681,"
,  
(41.869628069, -87.732600681)",POINT (-87.732600681 41.869628069),5.0,Garfield Park,GARFIELD PARK,89976069.5947,44460.91922,900 block of S Kildare Ave
12711380,JF257222,2022-05-26 11:49:00,041XX S VINCENNES AVE,326,ROBBERY,AGGRAVATED VEHICULAR HIJACKING,STREET,False,False,214,2,4,38,3,1180472.0,1877843.0,2022,2022-06-02T16:48:46.000,41.820062323,-87.613458566,"
,  
(41.820062323, -87.613458566)",POINT (-87.613458566 41.820062323),0.0,Grand Boulevard,BRONZEVILLE,48492503.1554,28196.837157,4100 block of S Vincennes Ave
12711440,JF257246,2022-05-27 04:50:00,038XX W 28TH ST,326,ROBBERY,AGGRAVATED VEHICULAR HIJACKING,STREET,False,False,1031,10,22,30,3,1151385.0,1885115.0,2022,2022-06-03T16:52:47.000,41.840636815,-87.719972439,"
,  
(41.840636815, -87.719972439)",POINT (-87.719972439 41.840636815),7.0,Little Village,LITTLE VILLAGE,127998297.819,49904.04003,3800 block of W 28th St
12712971,JF259275,2022-05-28 15:30:00,012XX S WASHTENAW AVE,326,ROBBERY,AGGRAVATED VEHICULAR HIJACKING,STREET,False,False,1023,10,28,29,3,1158570.0,1893992.0,2022,2022-06-04T16:49:12.000,41.864852431,-87.693363319,"
,  
(41.864852431, -87.693363319)",POINT (-87.693363319 41.864852431),6.0,North Lawndale,NORTH LAWNDALE,89487422.0244,44959.459663,1200 block of S Washtenaw Ave
12712302,JF258386,2022-05-28 00:50:00,005XX E 33RD ST,325,ROBBERY,VEHICULAR HIJACKING,STREET,False,False,211,2,4,35,3,1180360.0,1883173.0,2022,2022-06-04T16:49:12.000,41.834690813,-87.613705645,"
,  
(41.834690813, -87.613705645)",POINT (-87.613705645 41.834690813),31.0,Douglas,BRONZEVILLE,46004621.137,31027.053671,500 block of E 33rd St
12713040,JF259172,2022-05-28 18:05:00,012XX S ST LOUIS AVE,326,ROBBERY,AGGRAVATED VEHICULAR HIJACKING,STREET,False,False,1021,10,24,29,3,1153238.0,1893958.0,2022,2022-06-04T16:49:12.000,41.864866536,-87.712938131,"
,  
(41.864866536, -87.712938131)",POINT (-87.712938131 41.864866536),6.0,North Lawndale,NORTH LAWNDALE,89487422.0244,44959.459663,1200 block of S St Louis Ave
12712880,JF259065,2022-05-28 16:30:00,088XX S UNION AVE,326,ROBBERY,AGGRAVATED VEHICULAR HIJACKING,STREET,False,False,2223,22,21,71,3,1173184.0,1846379.0,2022,2022-06-04T16:49:12.000,41.733885954,-87.641123036,"
,  
(41.733885954, -87.641123036)",POINT (-87.641123036 41.733885954),70.0,Auburn Gresham,AUBURN GRESHAM,105065353.602,46757.721716,8800 block of S Union Ave
12712682,JF258831,2022-05-28 13:20:00,014XX W CUYLER AVE,326,ROBBERY,AGGRAVATED VEHICULAR HIJACKING,VEHICLE NON-COMMERCIAL,False,False,1912,19,47,6,3,1165965.0,1926995.0,2022,2022-06-04T16:49:12.000,41.955260321,-87.665272633,"
,  
(41.955260321, -87.665272633)",POINT (-87.665272633 41.955260321),34.0,Lake View,LAKE VIEW,76561177.2562,69715.29313,1400 block of W Cuyler Ave
12714559,JF260413,2022-05-29 20:45:00,021XX W 64TH ST,326,ROBBERY,AGGRAVATED VEHICULAR HIJACKING,STREET,False,False,726,7,16,67,3,1163373.0,1862191.0,2022,2022-06-05T16:48:59.000,41.777487281,-87.676623741,"
,  
(41.777487281, -87.676623741)",POINT (-87.676623741 41.777487281),19.0,Englewood,ENGLEWOOD,173600015.009,56144.046048,2100 block of W 64th St
12713999,JF260438,2022-05-29 21:00:00,078XX S WESTERN AVE,326,ROBBERY,AGGRAVATED VEHICULAR HIJACKING,GAS STATION,False,False,835,8,18,70,3,1161742.0,1852503.0,2022,2022-06-05T16:48:59.000,41.750936036,-87.682871596,"
,  
(41.750936036, -87.682871596)",POINT (-87.682871596 41.750936036),21.0,Ashburn,ASHBURN,135460337.208,54818.154632,7800 block of S Western Ave
12713936,JF260089,2022-05-29 15:19:00,064XX S HAMILTON AVE,326,ROBBERY,AGGRAVATED VEHICULAR HIJACKING,"VEHICLE - OTHER RIDE SHARE SERVICE (LYFT, UBER, ETC.)",False,False,726,7,16,67,3,1163134.0,1862019.0,2022,2022-06-05T16:48:59.000,41.777020295,-87.677504729,"
,  
(41.777020295, -87.677504729)",POINT (-87.677504729 41.777020295),19.0,Englewood,ENGLEWOOD,173600015.009,56144.046048,6400 block of S Hamilton Ave
12713762,JF260176,2022-05-29 16:02:00,024XX W ARTHINGTON ST,325,ROBBERY,VEHICULAR HIJACKING,STREET,False,False,1135,11,28,28,3,1160202.0,1895968.0,2022,2022-06-05T16:48:59.000,41.870241226,-87.687317637,"
,  
(41.870241226, -87.687317637)",POINT (-87.687317637 41.870241226),46.0,"Little Italy, UIC","LITTLE ITALY, UIC",71376244.1225,36568.464289,2400 block of W Arthington St
12713330,JF259500,2022-05-29 00:13:00,064XX S EGGLESTON AVE,326,ROBBERY,AGGRAVATED VEHICULAR HIJACKING,STREET,False,False,722,7,20,68,3,1174383.0,1862318.0,2022,2022-06-05T16:48:59.000,41.777597969,-87.636257358,"
,  
(41.777597969, -87.636257358)",POINT (-87.636257358 41.777597969),19.0,Englewood,ENGLEWOOD,173600015.009,56144.046048,6400 block of S Eggleston Ave
12714864,JF261448,2022-05-30 19:20:00,010XX N HAMLIN AVE,326,ROBBERY,AGGRAVATED VEHICULAR HIJACKING,STREET,False,False,1112,11,27,23,3,1150860.0,1906678.0,2022,2022-06-06T16:49:12.000,41.899818414,-87.721334856,"
,  
(41.899818414, -87.721334856)",POINT (-87.721334856 41.899818414),4.0,Humboldt Park,HUMBOLDT PARK,125010425.593,46126.751351,1000 block of N Hamlin Ave
12714162,JF260702,2022-05-30 02:33:00,027XX W VAN BUREN ST,326,ROBBERY,AGGRAVATED VEHICULAR HIJACKING,STREET,False,False,1125,11,27,27,3,1158066.0,1898045.0,2022,2022-06-06T16:49:12.000,41.875984562,-87.695102887,"
,  
(41.875984562, -87.695102887)",POINT (-87.695102887 41.875984562),5.0,Garfield Park,GARFIELD PARK,89976069.5947,44460.91922,2700 block of W Van Buren St
12714984,JF261672,2022-05-30 23:15:00,050XX W POLK ST,326,ROBBERY,AGGRAVATED VEHICULAR HIJACKING,STREET,False,False,1533,15,29,25,3,1143108.0,1895831.0,2022,2022-06-06T16:49:12.000,41.870201153,-87.750079139,"
,  
(41.870201153, -87.750079139)",POINT (-87.750079139 41.870201153),94.0,Austin,AUSTIN,170037750.826,55473.345911,5000 block of W Polk St
12715092,JF261742,2022-05-31 01:30:00,064XX S DAMEN AVE,326,ROBBERY,AGGRAVATED VEHICULAR HIJACKING,STREET,False,False,726,7,16,67,3,1164132.0,1862045.0,2022,2022-06-07T16:50:56.000,41.777070698,-87.67384534,"
,  
(41.777070698, -87.67384534)",POINT (-87.67384534 41.777070698),19.0,Englewood,ENGLEWOOD,173600015.009,56144.046048,6400 block of S Damen Ave
12715185,JF261794,2022-05-31 02:50:00,030XX W 83RD ST,326,ROBBERY,AGGRAVATED VEHICULAR HIJACKING,STREET,False,False,835,8,18,70,3,1157425.0,1849416.0,2022,2022-06-07T16:50:56.000,41.742553282,-87.698774748,"
,  
(41.742553282, -87.698774748)",POINT (-87.698774748 41.742553282),21.0,Ashburn,ASHBURN,135460337.208,54818.154632,3000 block of W 83rd St
12716501,JF262299,2022-05-31 12:15:00,009XX E 52ND ST,326,ROBBERY,AGGRAVATED VEHICULAR HIJACKING,SIDEWALK,False,False,233,2,5,41,3,1183211.0,1870862.0,2022,2022-06-07T16:50:56.000,41.800842517,-87.603628292,"
,  
(41.800842517, -87.603628292)",POINT (-87.603628292 41.800842517),74.0,Hyde Park,HYDE PARK,38859161.8437,28013.027919,900 block of E 52Nd St
12716062,JF262885,2022-05-31 19:02:00,003XX N DESPLAINES ST,326,ROBBERY,AGGRAVATED VEHICULAR HIJACKING,STREET,False,False,1214,12,42,28,3,1171866.0,1902447.0,2022,2022-06-07T16:50:56.000,41.887771177,-87.644304667,"
,  
(41.887771177, -87.644304667)",POINT (-87.644304667 41.887771177),40.0,West Loop,WEST LOOP,52945063.8967,43907.671821,300 block of N Desplaines St
12717250,JF263194,2022-06-01 03:20:00,039XX W 70TH PL,326,ROBBERY,AGGRAVATED VEHICULAR HIJACKING,STREET,False,False,833,8,13,65,3,1151307.0,1857560.0,2022,2022-06-08T16:49:39.000,41.76502341,-87.720979061,"
,  
(41.76502341, -87.720979061)",POINT (-87.720979061 41.76502341),87.0,West Lawn,WEST LAWN,82315301.6831,41934.490131,3900 block of W 70th Pl
12716740,JF263689,2022-06-01 13:28:00,115XX S FRONT AVE,325,ROBBERY,VEHICULAR HIJACKING,STREET,False,False,532,5,9,53,3,1181030.0,1828016.0,2022,2022-06-08T16:49:39.000,41.683318728,-87.612942058,"
,  
(41.683318728, -87.612942058)",POINT (-87.612942058 41.683318728),16.0,West Pullman,WEST PULLMAN,99365198.0822,50023.843001,11500 block of S Front Ave
12720580,JF268366,2022-06-01 18:30:00,071XX S SANGAMON ST,326,ROBBERY,AGGRAVATED VEHICULAR HIJACKING,STREET,False,False,733,7,6,68,3,1171210.0,1857481.0,2022,2022-06-08T16:49:39.000,41.764394646,-87.648030869,"
,  
(41.764394646, -87.648030869)",POINT (-87.648030869 41.764394646),19.0,Englewood,ENGLEWOOD,173600015.009,56144.046048,7100 block of S Sangamon St
12717379,JF263717,2022-06-01 13:10:00,016XX E 55TH ST,326,ROBBERY,AGGRAVATED VEHICULAR HIJACKING,STREET,False,False,234,2,5,41,3,1188383.0,1868856.0,2022,2022-06-08T16:49:39.000,41.795215861,-87.584725186,"
,  
(41.795215861, -87.584725186)",POINT (-87.584725186 41.795215861),74.0,Hyde Park,HYDE PARK,38859161.8437,28013.027919,1600 block of E 55th St
12718333,JF265676,2022-06-02 23:34:00,049XX S KEATING AVE,326,ROBBERY,AGGRAVATED VEHICULAR HIJACKING,STREET,False,False,815,8,14,56,3,1145523.0,1871553.0,2022,2022-06-09T16:51:50.000,41.803533555,-87.74182661,"
,  
(41.803533555, -87.74182661)",POINT (-87.74182661 41.803533555),17.0,Garfield Ridge,MIDWAY AIRPORT,117890778.429,60080.44797,4900 block of S Keating Ave
12718450,JF265682,2022-06-02 23:40:00,092XX S EMERALD AVE,326,ROBBERY,AGGRAVATED VEHICULAR HIJACKING,STREET,False,False,2223,22,21,73,3,1172932.0,1843590.0,2022,2022-06-09T16:51:50.000,41.726238112,-87.642128291,"
,  
(41.726238112, -87.642128291)",POINT (-87.642128291 41.726238112),72.0,Washington Heights,"WASHINGTON HEIGHTS,ROSELAND",79635752.8769,42222.598163,9200 block of S Emerald Ave
12719272,JF266887,2022-06-03 20:05:00,002XX W CALHOUN PL,325,ROBBERY,VEHICULAR HIJACKING,STREET,False,False,122,1,42,32,3,1174595.0,1900576.0,2022,2022-06-10T16:50:57.000,41.882576474,-87.634338965,"
,  
(41.882576474, -87.634338965)",POINT (-87.634338965 41.882576474),26.0,Loop,LOOP,31485185.0318,52640.907563,200 block of W Calhoun Pl
12719460,JF267041,2022-06-03 22:15:00,039XX S ELLIS AVE,326,ROBBERY,AGGRAVATED VEHICULAR HIJACKING,STREET,False,False,214,2,4,36,3,1183022.0,1878707.0,2022,2022-06-10T16:50:57.000,41.822374194,-87.60407727,"
,  
(41.822374194, -87.60407727)",POINT (-87.60407727 41.822374194),38.0,Oakland,"OAKLAND,KENWOOD",16913961.0408,19565.506153,3900 block of S Ellis Ave
12719572,JF267144,2022-06-03 00:00:00,040XX W CERMAK RD,325,ROBBERY,VEHICULAR HIJACKING,STREET,False,False,1012,10,24,29,3,1149888.0,1889077.0,2022,2022-06-10T16:50:57.000,41.851538253,-87.725362983,"
,  
(41.851538253, -87.725362983)",POINT (-87.725362983 41.851538253),6.0,North Lawndale,NORTH LAWNDALE,89487422.0244,44959.459663,4000 block of W Cermak Rd
12719509,JF267147,2022-06-04 04:45:00,007XX S KILBOURN AVE,325,ROBBERY,VEHICULAR HIJACKING,STREET,False,False,1131,11,24,26,3,1146448.0,1896145.0,2022,2022-06-11T16:50:16.000,41.870999878,-87.737808816,"
,  
(41.870999878, -87.737808816)",POINT (-87.737808816 41.870999878),5.0,Garfield Park,GARFIELD PARK,89976069.5947,44460.91922,700 block of S Kilbourn Ave
12720427,JF268227,2022-06-05 04:40:00,074XX S WABASH AVE,326,ROBBERY,AGGRAVATED VEHICULAR HIJACKING,STREET,False,False,323,3,6,69,3,1178006.0,1855792.0,2022,2022-06-12T16:47:55.000,41.759608563,-87.623173029,"
,  
(41.759608563, -87.623173029)",POINT (-87.623173029 41.759608563),20.0,Grand Crossing,"SOUTH SHORE, GRAND CROSSING",98853167.7093,54645.3303,7400 block of S Wabash Ave
12721040,JF268962,2022-06-05 00:00:00,008XX N HOMAN AVE,326,ROBBERY,AGGRAVATED VEHICULAR HIJACKING,STREET,False,False,1121,11,27,23,3,1153560.0,1905306.0,2022,2022-06-12T16:47:55.000,41.896000234,-87.711454197,"
,  
(41.896000234, -87.711454197)",POINT (-87.711454197 41.896000234),4.0,Humboldt Park,HUMBOLDT PARK,125010425.593,46126.751351,800 block of N Homan Ave
12720455,JF268244,2022-06-05 05:48:00,066XX S STONY ISLAND AVE,325,ROBBERY,VEHICULAR HIJACKING,STREET,False,False,321,3,5,42,3,1188012.0,1861466.0,2022,2022-06-12T16:47:55.000,41.774945985,-87.586321063,"
,  
(41.774945985, -87.586321063)",POINT (-87.586321063 41.774945985),25.0,Jackson Park,JACKSON PARK,23545658.7772,32779.73078,6600 block of S Stony Island Ave
12720531,JF268278,2022-06-05 07:20:00,016XX S SAWYER AVE,325,ROBBERY,VEHICULAR HIJACKING,STREET,False,False,1022,10,24,29,3,1154967.0,1891558.0,2022,2022-06-12T16:47:55.000,41.858246209,-87.706655235,"
,  
(41.858246209, -87.706655235)",POINT (-87.706655235 41.858246209),6.0,North Lawndale,NORTH LAWNDALE,89487422.0244,44959.459663,1600 block of S Sawyer Ave
12721231,JF269248,2022-06-06 06:00:00,071XX S SANGAMON ST,326,ROBBERY,AGGRAVATED VEHICULAR HIJACKING,STREET,False,False,733,7,6,68,3,1171211.0,1857454.0,2022,2022-06-13T16:51:38.000,41.764320532,-87.648027992,"
,  
(41.764320532, -87.648027992)",POINT (-87.648027992 41.764320532),19.0,Englewood,ENGLEWOOD,173600015.009,56144.046048,7100 block of S Sangamon St
12721160,JF269119,2022-06-06 00:20:00,009XX W MARQUETTE RD,326,ROBBERY,AGGRAVATED VEHICULAR HIJACKING,STREET,False,False,723,7,6,68,3,1171038.0,1860403.0,2022,2022-06-13T16:51:38.000,41.772416732,-87.648576027,"
,  
(41.772416732, -87.648576027)",POINT (-87.648576027 41.772416732),19.0,Englewood,ENGLEWOOD,173600015.009,56144.046048,900 block of W Marquette Rd
12721137,JF269143,2022-06-06 00:53:00,017XX N SEDGWICK ST,326,ROBBERY,AGGRAVATED VEHICULAR HIJACKING,STREET,False,False,1813,18,43,7,3,1173326.0,1911842.0,2022,2022-06-13T16:51:38.000,41.913519269,-87.638663754,"
,  
(41.913519269, -87.638663754)",POINT (-87.638663754 41.913519269),92.0,Old Town,OLD TOWN,19847998.9611,17905.728676,1700 block of N Sedgwick St
12722214,JF270330,2022-06-06 23:00:00,077XX S LANGLEY AVE,326,ROBBERY,AGGRAVATED VEHICULAR HIJACKING,STREET,False,False,624,6,6,69,3,1182235.0,1853874.0,2022,2022-06-13T16:51:38.000,41.754248524,-87.607733245,"
,  
(41.754248524, -87.607733245)",POINT (-87.607733245 41.754248524),20.0,Grand Crossing,"SOUTH SHORE, GRAND CROSSING",98853167.7093,54645.3303,7700 block of S Langley Ave
12723204,JF271469,2022-06-07 22:17:00,016XX N PAULINA ST,326,ROBBERY,AGGRAVATED VEHICULAR HIJACKING,STREET,False,False,1433,14,32,24,3,1164763.0,1910882.0,2022,2022-06-14T16:51:37.000,41.911070973,-87.6701496,"
,  
(41.911070973, -87.6701496)",POINT (-87.6701496 41.911070973),88.0,Wicker Park,"WICKER PARK,WEST TOWN",26853193.0926,21992.660946,1600 block of N Paulina St
12722602,JF270548,2022-06-07 08:40:00,035XX S STATE ST,326,ROBBERY,AGGRAVATED VEHICULAR HIJACKING,STREET,False,False,213,2,3,35,3,1176890.0,1881668.0,2022,2022-06-14T16:51:37.000,41.830640039,-87.626483343,"
,  
(41.830640039, -87.626483343)",POINT (-87.626483343 41.830640039),31.0,Douglas,BRONZEVILLE,46004621.137,31027.053671,3500 block of S State St
12722576,JF270710,2022-06-07 09:34:00,016XX E HYDE PARK BLVD,325,ROBBERY,VEHICULAR HIJACKING,STREET,False,False,222,2,5,39,3,1188560.0,1871522.0,2022,2022-06-14T16:51:37.000,41.802527319,-87.583990911,"
,  
(41.802527319, -87.583990911)",POINT (-87.583990911 41.802527319),47.0,Kenwood,"KENWOOD,OAKLAND",29071741.9283,23325.167906,1600 block of E Hyde Park Blvd
12723193,JF271529,2022-06-08 00:15:00,022XX N MILWAUKEE AVE,326,ROBBERY,AGGRAVATED VEHICULAR HIJACKING,STREET,False,False,1431,14,1,22,3,1158054.0,1914549.0,2022,2022-06-15T16:52:31.000,41.921273207,-87.694695863,"
,  
(41.921273207, -87.694695863)",POINT (-87.694695863 41.921273207),13.0,Logan Square,LOGAN SQUARE,71256806.5518,36361.508518,2200 block of N Milwaukee Ave
12724272,JF272780,2022-06-08 23:26:00,088XX S KINGSTON AVE,326,ROBBERY,AGGRAVATED VEHICULAR HIJACKING,STREET,False,False,423,4,7,46,3,1194646.0,1847074.0,2022,2022-06-15T16:52:31.000,41.73529253,-87.562474955,"
,  
(41.73529253, -87.562474955)",POINT (-87.562474955 41.73529253),61.0,South Chicago,SOUTH CHICAGO,93272185.0092,52435.979431,8800 block of S Kingston Ave
12723172,JF271539,2022-06-08 00:25:00,079XX S CRANDON AVE,325,ROBBERY,VEHICULAR HIJACKING,STREET,False,False,414,4,7,46,3,1192907.0,1852845.0,2022,2022-06-15T16:52:31.000,41.751171219,-87.568657957,"
,  
(41.751171219, -87.568657957)",POINT (-87.568657957 41.751171219),61.0,South Chicago,SOUTH CHICAGO,93272185.0092,52435.979431,7900 block of S Crandon Ave
12724187,JF272769,2022-06-08 23:30:00,003XX W 115TH ST,326,ROBBERY,AGGRAVATED VEHICULAR HIJACKING,STREET,False,False,522,5,34,53,3,1176234.0,1828672.0,2022,2022-06-15T16:52:31.000,41.6852276,-87.63047884,"
,  
(41.6852276, -87.63047884)",POINT (-87.63047884 41.6852276),16.0,West Pullman,WEST PULLMAN,99365198.0822,50023.843001,300 block of W 115th St
12723281,JF271646,2022-06-08 06:20:00,038XX S WASHTENAW AVE,326,ROBBERY,AGGRAVATED VEHICULAR HIJACKING,STREET,False,False,911,9,12,58,3,1159000.0,1879123.0,2022,2022-06-15T16:52:31.000,41.824041442,-87.692192271,"
,  
(41.824041442, -87.692192271)",POINT (-87.692192271 41.824041442),79.0,Brighton Park,"BRIGHTON PARK,MCKINLEY PARK",75892790.3114,36537.134306,3800 block of S Washtenaw Ave
12723197,JF271527,2022-06-08 00:09:00,007XX S CALIFORNIA AVE,326,ROBBERY,AGGRAVATED VEHICULAR HIJACKING,STREET,False,False,1135,11,28,27,3,1157822.0,1896484.0,2022,2022-06-15T16:52:31.000,41.871706,-87.696041325,"
,  
(41.871706, -87.696041325)",POINT (-87.696041325 41.871706),5.0,Garfield Park,GARFIELD PARK,89976069.5947,44460.91922,700 block of S California Ave
12724967,JF273689,2022-06-08 22:00:00,034XX W ROOSEVELT RD,325,ROBBERY,VEHICULAR HIJACKING,STREET,False,False,1133,11,24,29,3,1153720.0,1894499.0,2022,2022-06-15T16:52:31.000,41.866341527,-87.711154301,"
,  
(41.866341527, -87.711154301)",POINT (-87.711154301 41.866341527),6.0,North Lawndale,NORTH LAWNDALE,89487422.0244,44959.459663,3400 block of W Roosevelt Rd
12723944,JF272571,2022-06-08 18:00:00,063XX S ABERDEEN ST,326,ROBBERY,AGGRAVATED VEHICULAR HIJACKING,STREET,False,False,724,7,16,68,3,1170068.0,1862864.0,2022,2022-06-15T16:52:31.000,41.779191153,-87.652060298,"
,  
(41.779191153, -87.652060298)",POINT (-87.652060298 41.779191153),19.0,Englewood,ENGLEWOOD,173600015.009,56144.046048,6300 block of S Aberdeen St
12724297,JF272841,2022-06-09 04:29:00,058XX W BELDEN AVE,325,ROBBERY,VEHICULAR HIJACKING,STREET,False,False,2515,25,36,19,3,1136891.0,1914687.0,2022,2022-06-16T16:48:35.000,41.922058052,-87.772451494,"
,  
(41.922058052, -87.772451494)",POINT (-87.772451494 41.922058052),93.0,Belmont Cragin,"BELMONT CRAGIN,HERMOSA",109099407.211,43311.706886,5800 block of W Belden Ave
12724291,JF272837,2022-06-09 04:00:00,055XX S SHORE DR,326,ROBBERY,AGGRAVATED VEHICULAR HIJACKING,STREET,False,False,235,2,5,41,3,1189552.0,1868725.0,2022,2022-06-16T16:48:35.000,41.794828373,-87.580442725,"
,  
(41.794828373, -87.580442725)",POINT (-87.580442725 41.794828373),74.0,Hyde Park,HYDE PARK,38859161.8437,28013.027919,5500 block of S Shore Dr
12724807,JF273507,2022-06-09 13:15:00,056XX S EVERETT DR,326,ROBBERY,AGGRAVATED VEHICULAR HIJACKING,STREET,False,False,331,3,5,41,3,1189124.0,1867812.0,2022,2022-06-16T16:48:35.000,41.792333312,-87.58204143,"
,  
(41.792333312, -87.58204143)",POINT (-87.58204143 41.792333312),25.0,Jackson Park,JACKSON PARK,23545658.7772,32779.73078,5600 block of S Everett Dr
12725275,JF273983,2022-06-09 23:30:00,025XX W 57TH ST,326,ROBBERY,AGGRAVATED VEHICULAR HIJACKING,STREET,False,False,824,8,15,63,3,1160594.0,1866792.0,2022,2022-06-16T16:48:35.000,41.790170839,-87.686684767,"
,  
(41.790170839, -87.686684767)",POINT (-87.686684767 41.790170839),85.0,Gage Park,"MARQUETTE PARK,GAGE PARK",61284896.1132,32294.195911,2500 block of W 57th St
12726125,JF275037,2022-06-10 20:35:00,0000X W CHESTNUT ST,326,ROBBERY,AGGRAVATED VEHICULAR HIJACKING,STREET,False,False,1832,18,2,8,3,1176103.0,1906211.0,2022,2022-06-17T16:50:51.000,41.898005375,-87.62863168,"
,  
(41.898005375, -87.62863168)",POINT (-87.62863168 41.898005375),45.0,Rush & Division,RUSH & DIVISION,3489575.8016,8503.033133,0-100 block of W Chestnut St

